1,HBDIS000006
2,HBDIS000030
3,HBDIS000051
4,HBDIS000053
5,HBDIS000057
6,HBDIS000111
7,HBDIS000114
8,HBDIS000115
9,HBDIS000117
10,HBDIS000132
11,HBDIS000134
12,HBDIS000140
13,HBDIS000165
14,HBDIS000169
15,HBDIS000204
16,HBDIS000205
17,HBDIS000207
18,HBDIS000209
19,HBDIS000210
20,HBDIS000213
21,HBDIS000239
22,HBDIS000241
23,HBDIS000242
24,HBDIS000243
25,HBDIS000245
26,HBDIS000248
27,HBDIS000256
28,HBDIS000265
29,HBDIS000268
30,HBDIS000273
31,HBDIS000275
32,HBDIS000282
33,HBDIS000283
34,HBDIS000308
35,HBDIS000310
36,HBDIS000323
37,HBDIS000329
38,HBDIS000331
39,HBDIS000372
40,HBDIS000373
41,HBDIS000389
42,HBDIS000409
43,HBDIS000414
44,HBDIS000418
45,HBDIS000420
46,HBDIS000426
47,HBDIS000441
48,HBDIS000455
49,HBDIS000458
50,HBDIS000459
51,HBDIS000460
52,HBDIS000462
53,HBDIS000463
54,HBDIS000468
55,HBDIS000471
56,HBDIS000475
57,HBDIS000495
58,HBDIS000503
59,HBDIS000504
60,HBDIS000518
61,HBDIS000520
62,HBDIS000525
63,HBDIS000538
64,HBDIS000546
65,HBDIS000553
66,HBDIS000557
67,HBDIS000568
68,HBDIS000614
69,HBDIS000615
70,HBDIS000621
71,HBDIS000625
72,HBDIS000653
73,HBDIS000669
74,HBDIS000686
75,HBDIS000706
76,HBDIS000712
77,HBDIS000713
78,HBDIS000722
79,HBDIS000735
80,HBDIS000756
81,HBDIS000757
82,HBDIS000772
83,HBDIS000774
84,HBDIS000775
85,HBDIS000780
86,HBDIS000783
87,HBDIS000785
88,HBDIS000789
89,HBDIS000821
90,HBDIS000832
91,HBDIS000853
92,HBDIS000887
93,HBDIS000907
94,HBDIS000931
95,HBDIS000932
96,HBDIS000933
97,HBDIS000937
98,HBDIS000941
99,HBDIS000944
100,HBDIS000956
101,HBDIS000962
102,HBDIS000992
103,HBDIS000996
104,HBDIS001043
105,HBDIS001045
106,HBDIS001046
107,HBDIS001075
108,HBDIS001105
109,HBDIS001133
110,HBDIS001139
111,HBDIS001141
112,HBDIS001142
113,HBDIS001167
114,HBDIS001169
115,HBDIS001170
116,HBDIS001176
117,HBDIS001188
118,HBDIS001190
119,HBDIS001210
120,HBDIS001227
121,HBDIS001249
122,HBDIS001262
123,HBDIS001263
124,HBDIS001264
125,HBDIS001286
126,HBDIS001303
127,HBDIS001318
128,HBDIS001330
129,HBDIS001336
130,HBDIS001341
131,HBDIS001359
132,HBDIS001387
133,HBDIS001391
134,HBDIS001404
135,HBDIS001418
136,HBDIS001421
137,HBDIS001425
138,HBDIS001432
139,HBDIS001436
140,HBDIS001454
141,HBDIS001456
142,HBDIS001466
143,HBDIS001473
144,HBDIS001474
145,HBDIS001481
146,HBDIS001547
147,HBDIS001548
148,HBDIS001553
149,HBDIS001554
150,HBDIS001561
151,HBDIS001574
152,HBDIS001576
153,HBDIS001615
154,HBDIS001617
155,HBDIS001620
156,HBDIS001623
157,HBDIS001681
158,HBDIS001694
159,HBDIS001721
160,HBDIS001729
161,HBDIS001765
162,HBDIS001767
163,HBDIS001768
164,HBDIS001769
165,HBDIS001772
166,HBDIS001773
167,HBDIS001784
168,HBDIS001787
169,HBDIS001792
170,HBDIS001793
171,HBDIS001803
172,HBDIS001810
173,HBDIS001815
174,HBDIS001820
175,HBDIS001824
176,HBDIS001835
177,HBDIS001837
178,HBDIS001838
179,HBDIS001848
180,HBDIS001859
181,HBDIS001861
182,HBDIS001882
183,HBDIS001889
184,HBDIS001890
185,HBDIS001901
186,HBDIS001934
187,HBDIS001935
188,HBDIS001937
189,HBDIS001964
190,HBDIS001973
191,HBDIS001990
192,HBDIS001992
193,HBDIS002001
194,HBDIS002002
195,HBDIS002004
196,HBDIS002026
197,HBDIS002027
198,HBDIS002028
199,HBDIS002035
200,HBDIS002052
201,HBDIS002054
202,HBDIS002057
203,HBDIS002060
204,HBDIS002069
205,HBDIS002070
206,HBDIS002071
207,HBDIS002073
208,HBDIS002077
209,HBDIS002079
210,HBDIS002089
211,HBDIS002091
212,HBDIS002097
213,HBDIS002102
214,HBDIS002103
215,HBDIS002106
216,HBDIS002109
217,HBDIS002113
218,HBDIS002127
219,HBDIS002148
220,HBDIS002166
221,HBDIS002227
222,HBDIS002228
223,HBDIS002230
224,HBDIS002263
225,HBDIS002266
226,HBDIS002276
227,HBDIS002278
228,HBDIS002286
229,HBDIS002313
230,HBDIS002349
231,HBDIS002350
232,HBDIS002358
233,HBDIS002365
234,HBDIS002368
235,HBDIS002423
236,HBDIS002435
237,HBDIS002442
238,HBDIS002443
239,HBDIS002451
240,HBDIS002459
241,HBDIS002461
242,HBDIS002483
243,HBDIS002488
244,HBDIS002495
245,HBDIS002510
246,HBDIS002519
247,HBDIS002525
248,HBDIS002529
249,HBDIS002540
250,HBDIS002565
251,HBDIS002592
252,HBDIS002598
253,HBDIS002602
254,HBDIS002612
255,HBDIS002640
256,HBDIS002664
257,HBDIS002684
258,HBDIS002687
259,HBDIS002712
260,HBDIS002739
261,HBDIS002740
262,HBDIS002755
263,HBDIS002760
264,HBDIS002771
265,HBDIS002815
266,HBDIS002826
267,HBDIS002832
268,HBDIS002838
269,HBDIS002840
270,HBDIS002864
271,HBDIS002939
272,HBDIS002946
273,HBDIS003000
274,HBDIS003036
275,HBDIS003044
276,HBDIS003048
277,HBDIS003050
278,HBDIS003051
279,HBDIS003073
280,HBDIS003076
281,HBDIS003089
282,HBDIS003090
283,HBDIS003106
284,HBDIS003120
285,HBDIS003123
286,HBDIS003124
287,HBDIS003131
288,HBDIS003142
289,HBDIS003217
290,HBDIS003237
291,HBDIS003242
292,HBDIS003246
293,HBDIS003260
294,HBDIS003290
295,HBDIS003337
296,HBDIS003414
297,HBDIS003450
298,HBDIS003468
299,HBDIS003471
300,HBDIS003516
301,HBDIS003527
302,HBDIS003558
303,HBDIS003589
304,HBDIS003597
305,HBDIS003604
306,HBDIS003649
307,HBDIS004047
308,HBDIS004110
309,HBDIS004118
310,HBDIS004132
311,HBDIS004158
312,HBDIS004172
313,HBDIS004202
314,HBDIS004337
315,HBDIS004421
316,HBDIS004428
317,HBDIS004431
318,HBDIS004945
319,HBDIS005061
320,HBDIS005110
321,HBDIS005400
322,HBDIS005410
323,HBDIS005423
324,HBDIS005431
325,HBDIS005450
326,HBDIS005454
327,HBDIS005463
328,HBDIS005472
329,HBDIS005473
330,HBDIS006371
331,HBDIS006784
332,HBDIS006795
333,HBDIS007241
334,HBDIS007247
335,HBDIS008042
336,HBDIS008573
337,HBDIS008625
338,HBDIS008864
339,HBDIS008893
340,HBDIS008919
341,HBDIS009027
342,HBDIS009571
343,HBDIS009816
344,HBDIS009848
345,HBDIS009980
346,HBDIS009981
347,HBDIS009982
348,HBDIS010417
349,HBDIS010418
350,HBDIS010494
351,HBDIS010533
352,HBDIS010623
353,HBDIS010663
354,HBDIS010795
355,HBDIS011216
356,HBDIS011400
357,HBDIS011528
358,HBDIS011533
359,HBDIS011597
360,HBDIS011904
361,HBDIS012274
362,HBDIS012326
363,HBDIS012350
364,HBDIS012357
365,HBDIS012368
366,HBDIS012386
367,HBDIS012469
368,HBDIS012475
369,HBDIS012577
370,HBDIS012688
371,HBDIS012819
372,HBDIS012862
373,HBDIS012906
374,HBDIS013280
375,HBDIS014082
376,HBDIS014261
377,HBDIS014448
378,HBDIS014451
379,HBDIS014591
380,HBDIS014663
381,HBDIS014980
382,HBDIS018567
383,HBDIS018581
384,HBDIS018626
385,HBDIS019132
386,HBDIS019231
387,HBDIS020359
388,HBDIS020407
389,HBDIS020408
390,HBDIS020410
391,HBDIS020461
392,HBDIS020464
393,HBDIS020531
394,HBDIS021628
395,HBDIS025310
396,HBDIS025940
397,HBDIS026981
398,HBDIS027752
399,HBDIS027766
400,HBDIS027782
